id,symbol,percent,entry_date,entry_price,market_entry_date,prior_portfolio_value,target_position_value,prior_position_value,cash_used,share_count,prior_cumulative_share_count,post_cumulative_share_count,status,address,realized_profit
0,AMZN,0.047,2021-12-30 19:40:22+00:00,,,,,,,,,,,0x211fe601e24ce89cb443356f687c67fbf7708412,
1,BTCUSDT,0.047,2021-12-30 19:40:22+00:00,,,,,,,,,,,0x211fe601e24ce89cb443356f687c67fbf7708412,
2,KWEB,0.044,2021-12-30 19:40:22+00:00,,,,,,,,,,,0x211fe601e24ce89cb443356f687c67fbf7708412,
3,SUI,0.042,2021-12-30 19:40:22+00:00,,,,,,,,,,,0x211fe601e24ce89cb443356f687c67fbf7708412,
4,TECK,0.041,2021-12-30 19:40:22+00:00,,,,,,,,,,,0x211fe601e24ce89cb443356f687c67fbf7708412,
5,BILL,0.039,2021-12-30 19:40:22+00:00,,,,,,,,,,,0x211fe601e24ce89cb443356f687c67fbf7708412,
6,CRON,0.038,2021-12-30 19:40:22+00:00,,,,,,,,,,,0x211fe601e24ce89cb443356f687c67fbf7708412,
7,TBT,0.034,2021-12-30 19:40:22+00:00,,,,,,,,,,,0x211fe601e24ce89cb443356f687c67fbf7708412,
8,WDAY,0.034,2021-12-30 19:40:22+00:00,,,,,,,,,,,0x211fe601e24ce89cb443356f687c67fbf7708412,
9,WIX,0.032,2021-12-30 19:40:22+00:00,,,,,,,,,,,0x211fe601e24ce89cb443356f687c67fbf7708412,
10,TV,0.03,2021-12-30 19:40:22+00:00,,,,,,,,,,,0x211fe601e24ce89cb443356f687c67fbf7708412,
11,V,0.03,2021-12-30 19:40:22+00:00,,,,,,,,,,,0x211fe601e24ce89cb443356f687c67fbf7708412,
12,GOOGL,0.029,2021-12-30 19:40:22+00:00,,,,,,,,,,,0x211fe601e24ce89cb443356f687c67fbf7708412,
13,DLTR,0.029,2021-12-30 19:40:22+00:00,,,,,,,,,,,0x211fe601e24ce89cb443356f687c67fbf7708412,
14,LITE,0.029,2021-12-30 19:40:22+00:00,,,,,,,,,,,0x211fe601e24ce89cb443356f687c67fbf7708412,
15,GDS,0.027,2021-12-30 19:40:22+00:00,,,,,,,,,,,0x211fe601e24ce89cb443356f687c67fbf7708412,
16,ZD,0.027,2021-12-30 19:40:22+00:00,,,,,,,,,,,0x211fe601e24ce89cb443356f687c67fbf7708412,
17,CRWD,0.027,2021-12-30 19:40:22+00:00,,,,,,,,,,,0x211fe601e24ce89cb443356f687c67fbf7708412,
18,SLV,0.027,2021-12-30 19:40:22+00:00,,,,,,,,,,,0x211fe601e24ce89cb443356f687c67fbf7708412,
19,BIDU,0.027,2021-12-30 19:40:22+00:00,,,,,,,,,,,0x211fe601e24ce89cb443356f687c67fbf7708412,
20,BABA,0.026,2021-12-30 19:40:22+00:00,,,,,,,,,,,0x211fe601e24ce89cb443356f687c67fbf7708412,
21,TSM,0.026,2021-12-30 19:40:22+00:00,,,,,,,,,,,0x211fe601e24ce89cb443356f687c67fbf7708412,
22,CNHI,0.025,2021-12-30 19:40:22+00:00,,,,,,,,,,,0x211fe601e24ce89cb443356f687c67fbf7708412,
23,VALE,0.025,2021-12-30 19:40:22+00:00,,,,,,,,,,,0x211fe601e24ce89cb443356f687c67fbf7708412,
24,IFF,0.024,2021-12-30 19:40:22+00:00,,,,,,,,,,,0x211fe601e24ce89cb443356f687c67fbf7708412,
25,CME,0.024,2021-12-30 19:40:22+00:00,,,,,,,,,,,0x211fe601e24ce89cb443356f687c67fbf7708412,
26,SCHW,0.024,2021-12-30 19:40:22+00:00,,,,,,,,,,,0x211fe601e24ce89cb443356f687c67fbf7708412,
27,SPGI,0.024,2021-12-30 19:40:22+00:00,,,,,,,,,,,0x211fe601e24ce89cb443356f687c67fbf7708412,
28,CCI,0.023,2021-12-30 19:40:22+00:00,,,,,,,,,,,0x211fe601e24ce89cb443356f687c67fbf7708412,
29,NOAH,0.023,2021-12-30 19:40:22+00:00,,,,,,,,,,,0x211fe601e24ce89cb443356f687c67fbf7708412,
30,JBT,0.023,2021-12-30 19:40:22+00:00,,,,,,,,,,,0x211fe601e24ce89cb443356f687c67fbf7708412,
31,LUNAUSDT,0.022,2021-12-30 19:40:22+00:00,,,,,,,,,,,0x211fe601e24ce89cb443356f687c67fbf7708412,
32,WLTW,0.022,2021-12-30 19:40:22+00:00,,,,,,,,,,,0x211fe601e24ce89cb443356f687c67fbf7708412,
33,EWZ,0.022,2021-12-30 19:40:22+00:00,,,,,,,,,,,0x211fe601e24ce89cb443356f687c67fbf7708412,
34,FIVN,0.021,2021-12-30 19:40:22+00:00,,,,,,,,,,,0x211fe601e24ce89cb443356f687c67fbf7708412,
35,FOUR,0.02,2021-12-30 19:40:22+00:00,,,,,,,,,,,0x211fe601e24ce89cb443356f687c67fbf7708412,
36,SHOP,0.02,2021-12-30 19:40:22+00:00,,,,,,,,,,,0x211fe601e24ce89cb443356f687c67fbf7708412,
37,ENS,0.02,2021-12-30 19:40:22+00:00,,,,,,,,,,,0x211fe601e24ce89cb443356f687c67fbf7708412,
38,SWK,0.02,2021-12-30 19:40:22+00:00,,,,,,,,,,,0x211fe601e24ce89cb443356f687c67fbf7708412,
39,IIVI,0.02,2021-12-30 19:40:22+00:00,,,,,,,,,,,0x211fe601e24ce89cb443356f687c67fbf7708412,
40,SPOT,0.02,2021-12-30 19:40:22+00:00,,,,,,,,,,,0x211fe601e24ce89cb443356f687c67fbf7708412,
41,ECH,0.02,2021-12-30 19:40:22+00:00,,,,,,,,,,,0x211fe601e24ce89cb443356f687c67fbf7708412,
42,FWONK,0.02,2021-12-30 19:40:22+00:00,,,,,,,,,,,0x211fe601e24ce89cb443356f687c67fbf7708412,
43,ETHUSDT,0.02,2021-12-30 19:40:22+00:00,,,,,,,,,,,0x211fe601e24ce89cb443356f687c67fbf7708412,
44,COUP,0.019,2021-12-30 19:40:22+00:00,,,,,,,,,,,0x211fe601e24ce89cb443356f687c67fbf7708412,
45,SILJ,0.019,2021-12-30 19:40:22+00:00,,,,,,,,,,,0x211fe601e24ce89cb443356f687c67fbf7708412,
46,GDXJ,0.019,2021-12-30 19:40:22+00:00,,,,,,,,,,,0x211fe601e24ce89cb443356f687c67fbf7708412,
47,GDX,0.019,2021-12-30 19:40:22+00:00,,,,,,,,,,,0x211fe601e24ce89cb443356f687c67fbf7708412,
48,AVAXUSDT,0.019,2021-12-30 19:40:22+00:00,,,,,,,,,,,0x211fe601e24ce89cb443356f687c67fbf7708412,
49,SOLUSDT,0.018,2021-12-30 19:40:22+00:00,,,,,,,,,,,0x211fe601e24ce89cb443356f687c67fbf7708412,
50,Z,0.018,2021-12-30 19:40:22+00:00,,,,,,,,,,,0x211fe601e24ce89cb443356f687c67fbf7708412,
51,SSNC,0.018,2021-12-30 19:40:22+00:00,,,,,,,,,,,0x211fe601e24ce89cb443356f687c67fbf7708412,
52,AVID,0.018,2021-12-30 19:40:22+00:00,,,,,,,,,,,0x211fe601e24ce89cb443356f687c67fbf7708412,
53,TSLA,0.017,2021-12-30 19:40:22+00:00,,,,,,,,,,,0x211fe601e24ce89cb443356f687c67fbf7708412,
54,CGC,0.017,2021-12-30 19:40:22+00:00,,,,,,,,,,,0x211fe601e24ce89cb443356f687c67fbf7708412,
55,ESTC,0.017,2021-12-30 19:40:22+00:00,,,,,,,,,,,0x211fe601e24ce89cb443356f687c67fbf7708412,
56,CVNA,0.016,2021-12-30 19:40:22+00:00,,,,,,,,,,,0x211fe601e24ce89cb443356f687c67fbf7708412,
57,LAD,0.016,2021-12-30 19:40:22+00:00,,,,,,,,,,,0x211fe601e24ce89cb443356f687c67fbf7708412,
58,AMOT,0.015,2021-12-30 19:40:22+00:00,,,,,,,,,,,0x211fe601e24ce89cb443356f687c67fbf7708412,
59,DOTUSDT,0.015,2021-12-30 19:40:22+00:00,,,,,,,,,,,0x211fe601e24ce89cb443356f687c67fbf7708412,
60,SQ,0.015,2021-12-30 19:40:22+00:00,,,,,,,,,,,0x211fe601e24ce89cb443356f687c67fbf7708412,
61,GDDY,0.014,2021-12-30 19:40:22+00:00,,,,,,,,,,,0x211fe601e24ce89cb443356f687c67fbf7708412,
62,API,0.013,2021-12-30 19:40:22+00:00,,,,,,,,,,,0x211fe601e24ce89cb443356f687c67fbf7708412,
63,URA,0.013,2021-12-30 19:40:22+00:00,,,,,,,,,,,0x211fe601e24ce89cb443356f687c67fbf7708412,
64,PYPL,0.013,2021-12-30 19:40:22+00:00,,,,,,,,,,,0x211fe601e24ce89cb443356f687c67fbf7708412,
65,CIEN,0.013,2021-12-30 19:40:22+00:00,,,,,,,,,,,0x211fe601e24ce89cb443356f687c67fbf7708412,
66,MLM,0.012,2021-12-30 19:40:22+00:00,,,,,,,,,,,0x211fe601e24ce89cb443356f687c67fbf7708412,
67,THRM,0.012,2021-12-30 19:40:22+00:00,,,,,,,,,,,0x211fe601e24ce89cb443356f687c67fbf7708412,
68,KYMR,0.011,2021-12-30 19:40:22+00:00,,,,,,,,,,,0x211fe601e24ce89cb443356f687c67fbf7708412,
69,ALGOUSDT,0.011,2021-12-30 19:40:22+00:00,,,,,,,,,,,0x211fe601e24ce89cb443356f687c67fbf7708412,
70,COPX,0.011,2021-12-30 19:40:22+00:00,,,,,,,,,,,0x211fe601e24ce89cb443356f687c67fbf7708412,
71,CREE,0.011,2021-12-30 19:40:22+00:00,,,,,,,,,,,0x211fe601e24ce89cb443356f687c67fbf7708412,
72,AES,0.011,2021-12-30 19:40:22+00:00,,,,,,,,,,,0x211fe601e24ce89cb443356f687c67fbf7708412,
73,ATOMUSDT,0.011,2021-12-30 19:40:22+00:00,,,,,,,,,,,0x211fe601e24ce89cb443356f687c67fbf7708412,
74,OPEN,0.01,2021-12-30 19:40:22+00:00,,,,,,,,,,,0x211fe601e24ce89cb443356f687c67fbf7708412,
75,FTMUSDT,0.01,2021-12-30 19:40:22+00:00,,,,,,,,,,,0x211fe601e24ce89cb443356f687c67fbf7708412,
76,AGRO,0.01,2021-12-30 19:40:22+00:00,,,,,,,,,,,0x211fe601e24ce89cb443356f687c67fbf7708412,
77,APPN,0.01,2021-12-30 19:40:22+00:00,,,,,,,,,,,0x211fe601e24ce89cb443356f687c67fbf7708412,
78,XP,0.009,2021-12-30 19:40:22+00:00,,,,,,,,,,,0x211fe601e24ce89cb443356f687c67fbf7708412,
79,SE,0.009,2021-12-30 19:40:22+00:00,,,,,,,,,,,0x211fe601e24ce89cb443356f687c67fbf7708412,
80,FSLY,0.008,2021-12-30 19:40:22+00:00,,,,,,,,,,,0x211fe601e24ce89cb443356f687c67fbf7708412,
81,DYDXUSDT,0.007,2021-12-30 19:40:22+00:00,,,,,,,,,,,0x211fe601e24ce89cb443356f687c67fbf7708412,
82,AAVEUSDT,0.006,2021-12-30 19:40:22+00:00,,,,,,,,,,,0x211fe601e24ce89cb443356f687c67fbf7708412,
83,NRIX,0.006,2021-12-30 19:40:22+00:00,,,,,,,,,,,0x211fe601e24ce89cb443356f687c67fbf7708412,
84,PCT,0.006,2021-12-30 19:40:22+00:00,,,,,,,,,,,0x211fe601e24ce89cb443356f687c67fbf7708412,
85,HNTUSDT,0.005,2021-12-30 19:40:22+00:00,,,,,,,,,,,0x211fe601e24ce89cb443356f687c67fbf7708412,
86,ARVN,0.005,2021-12-30 19:40:22+00:00,,,,,,,,,,,0x211fe601e24ce89cb443356f687c67fbf7708412,
87,YFIUSDT,0.005,2021-12-30 19:40:22+00:00,,,,,,,,,,,0x211fe601e24ce89cb443356f687c67fbf7708412,
88,UNIUSDT,0.005,2021-12-30 19:40:22+00:00,,,,,,,,,,,0x211fe601e24ce89cb443356f687c67fbf7708412,
89,COMPUSDT,0.004,2021-12-30 19:40:22+00:00,,,,,,,,,,,0x211fe601e24ce89cb443356f687c67fbf7708412,
90,SNXUSDT,0.004,2021-12-30 19:40:22+00:00,,,,,,,,,,,0x211fe601e24ce89cb443356f687c67fbf7708412,
91,CCCC,0.004,2021-12-30 19:40:22+00:00,,,,,,,,,,,0x211fe601e24ce89cb443356f687c67fbf7708412,
92,SRMUSDT,0.003,2021-12-30 19:40:22+00:00,,,,,,,,,,,0x211fe601e24ce89cb443356f687c67fbf7708412,
93,CZZ,-0.011,2021-12-30 19:40:22+00:00,,,,,,,,,,,0x211fe601e24ce89cb443356f687c67fbf7708412,
94,GWW,-0.014,2021-12-30 19:40:22+00:00,,,,,,,,,,,0x211fe601e24ce89cb443356f687c67fbf7708412,
95,CHKP,-0.014,2021-12-30 19:40:22+00:00,,,,,,,,,,,0x211fe601e24ce89cb443356f687c67fbf7708412,
96,K,-0.019,2021-12-30 19:40:22+00:00,,,,,,,,,,,0x211fe601e24ce89cb443356f687c67fbf7708412,
97,GSHD,-0.019,2021-12-30 19:40:22+00:00,,,,,,,,,,,0x211fe601e24ce89cb443356f687c67fbf7708412,
98,NOC,-0.02,2021-12-30 19:40:22+00:00,,,,,,,,,,,0x211fe601e24ce89cb443356f687c67fbf7708412,
99,BRBR,-0.021,2021-12-30 19:40:22+00:00,,,,,,,,,,,0x211fe601e24ce89cb443356f687c67fbf7708412,
100,GD,-0.022,2021-12-30 19:40:22+00:00,,,,,,,,,,,0x211fe601e24ce89cb443356f687c67fbf7708412,
101,GOLF,-0.023,2021-12-30 19:40:22+00:00,,,,,,,,,,,0x211fe601e24ce89cb443356f687c67fbf7708412,
102,KR,-0.026,2021-12-30 19:40:22+00:00,,,,,,,,,,,0x211fe601e24ce89cb443356f687c67fbf7708412,
103,AOS,-0.028,2021-12-30 19:40:22+00:00,,,,,,,,,,,0x211fe601e24ce89cb443356f687c67fbf7708412,
104,CVX,-0.034,2021-12-30 19:40:22+00:00,,,,,,,,,,,0x211fe601e24ce89cb443356f687c67fbf7708412,
105,GCI,-0.036,2021-12-30 19:40:22+00:00,,,,,,,,,,,0x211fe601e24ce89cb443356f687c67fbf7708412,
106,IWM,-0.161,2021-12-30 19:40:22+00:00,,,,,,,,,,,0x211fe601e24ce89cb443356f687c67fbf7708412,
107,QQQ,-0.328,2021-12-30 19:40:22+00:00,,,,,,,,,,,0x211fe601e24ce89cb443356f687c67fbf7708412,
0,URA,0.017,2022-01-03 19:38:40+00:00,,,,,,,,,,,0x211fe601e24ce89cb443356f687c67fbf7708412,
0,TBT,0.02,2022-01-05 09:33:50+00:00,,,,,,,,,,,0x211fe601e24ce89cb443356f687c67fbf7708412,
0,PPLT,0.01,2022-01-05 09:34:56+00:00,,,,,,,,,,,0x211fe601e24ce89cb443356f687c67fbf7708412,
0,KWEB,0.05,2022-01-05 09:39:02+00:00,,,,,,,,,,,0x211fe601e24ce89cb443356f687c67fbf7708412,
0,SHOP,0,2022-01-05 09:43:18+00:00,,,,,,,,,,,0x211fe601e24ce89cb443356f687c67fbf7708412,
0,URA,0.013,2022-01-06 09:34:26+00:00,,,,,,,,,,,0x211fe601e24ce89cb443356f687c67fbf7708412,
0,TECK,0.03,2022-01-06 09:59:56+00:00,,,,,,,,,,,0x211fe601e24ce89cb443356f687c67fbf7708412,
0,BABA,0.04,2022-01-06 10:04:05+00:00,,,,,,,,,,,0x211fe601e24ce89cb443356f687c67fbf7708412,
0,SRMUSDT,0,2022-01-06 14:02:32+00:00,,,,,,,,,,,0x211fe601e24ce89cb443356f687c67fbf7708412,
1,FTMUSDT,0.01,2022-01-06 14:02:32+00:00,,,,,,,,,,,0x211fe601e24ce89cb443356f687c67fbf7708412,
0,BTCUSDT,0.05,2022-01-06 14:05:21+00:00,,,,,,,,,,,0x211fe601e24ce89cb443356f687c67fbf7708412,
1,LUNAUSDT,0.015,2022-01-06 14:05:21+00:00,,,,,,,,,,,0x211fe601e24ce89cb443356f687c67fbf7708412,
2,ETHUSDT,0.02,2022-01-06 14:05:21+00:00,,,,,,,,,,,0x211fe601e24ce89cb443356f687c67fbf7708412,
3,AVAXUSDT,0.015,2022-01-06 14:05:21+00:00,,,,,,,,,,,0x211fe601e24ce89cb443356f687c67fbf7708412,
4,SOLUSDT,0.015,2022-01-06 14:05:21+00:00,,,,,,,,,,,0x211fe601e24ce89cb443356f687c67fbf7708412,
5,DOTUSDT,0.01,2022-01-06 14:05:21+00:00,,,,,,,,,,,0x211fe601e24ce89cb443356f687c67fbf7708412,
6,ONEUSDT,0.005,2022-01-06 14:05:21+00:00,,,,,,,,,,,0x211fe601e24ce89cb443356f687c67fbf7708412,
0,SUSHIUSDT,0.01,2022-01-06 14:08:05+00:00,,,,,,,,,,,0x211fe601e24ce89cb443356f687c67fbf7708412,
0,GDDY,0.03,2022-01-11 16:21:24+00:00,,,,,,,,,,,0x211fe601e24ce89cb443356f687c67fbf7708412,
0,OPEN,0,2022-01-11 16:24:29+00:00,,,,,,,,,,,0x211fe601e24ce89cb443356f687c67fbf7708412,
1,EHTH,0.01,2022-01-11 16:24:29+00:00,,,,,,,,,,,0x211fe601e24ce89cb443356f687c67fbf7708412,
0,TECK,0.015,2022-01-13 18:37:44+00:00,,,,,,,,,,,0x211fe601e24ce89cb443356f687c67fbf7708412,
1,VALE,0.015,2022-01-13 18:37:44+00:00,,,,,,,,,,,0x211fe601e24ce89cb443356f687c67fbf7708412,
2,NG,0.02,2022-01-13 18:37:44+00:00,,,,,,,,,,,0x211fe601e24ce89cb443356f687c67fbf7708412,
0,BIDU,0.035,2022-01-13 18:42:19+00:00,,,,,,,,,,,0x211fe601e24ce89cb443356f687c67fbf7708412,
1,NOAH,0.03,2022-01-13 18:42:19+00:00,,,,,,,,,,,0x211fe601e24ce89cb443356f687c67fbf7708412,
2,QQQ,-0.4,2022-01-13 18:42:19+00:00,,,,,,,,,,,0x211fe601e24ce89cb443356f687c67fbf7708412,
3,ZTO,0.02,2022-01-13 18:42:19+00:00,,,,,,,,,,,0x211fe601e24ce89cb443356f687c67fbf7708412,
0,GDXJ,0.04,2022-01-13 18:55:40+00:00,,,,,,,,,,,0x211fe601e24ce89cb443356f687c67fbf7708412,
0,PBR,0.01,2022-01-13 19:00:29+00:00,,,,,,,,,,,0x211fe601e24ce89cb443356f687c67fbf7708412,
1,ITUB,0.01,2022-01-13 19:00:29+00:00,,,,,,,,,,,0x211fe601e24ce89cb443356f687c67fbf7708412,
0,XOM,0.02,2022-01-14 12:29:52+00:00,,,,,,,,,,,0x211fe601e24ce89cb443356f687c67fbf7708412,
0,FIVN,0.025,2022-01-14 17:22:24+00:00,,,,,,,,,,,0x211fe601e24ce89cb443356f687c67fbf7708412,
1,CVNA,0.02,2022-01-14 17:22:24+00:00,,,,,,,,,,,0x211fe601e24ce89cb443356f687c67fbf7708412,
2,MSFT,0.03,2022-01-14 17:22:24+00:00,,,,,,,,,,,0x211fe601e24ce89cb443356f687c67fbf7708412,
3,FB,0.03,2022-01-14 17:22:24+00:00,,,,,,,,,,,0x211fe601e24ce89cb443356f687c67fbf7708412,
4,GOOG,0.03,2022-01-14 17:22:24+00:00,,,,,,,,,,,0x211fe601e24ce89cb443356f687c67fbf7708412,
0,PENN,0.02,2022-01-18 13:38:23+00:00,,,,,,,,,,,0x211fe601e24ce89cb443356f687c67fbf7708412,
0,IWM,-0.15,2022-01-18 13:39:48+00:00,,,,,,,,,,,0x211fe601e24ce89cb443356f687c67fbf7708412,
1,SPY,-0.1,2022-01-18 13:39:48+00:00,,,,,,,,,,,0x211fe601e24ce89cb443356f687c67fbf7708412,
0,ETHUSDT,0.03,2022-01-19 18:31:06+00:00,,,,,,,,,,,0x211fe601e24ce89cb443356f687c67fbf7708412,
0,TCOM,0.03,2022-01-20 17:51:48+00:00,,,,,,,,,,,0x211fe601e24ce89cb443356f687c67fbf7708412,
0,BILL,0.04,2022-01-20 17:56:32+00:00,,,,,,,,,,,0x211fe601e24ce89cb443356f687c67fbf7708412,
0,NOAH,0.035,2022-01-20 18:01:41+00:00,,,,,,,,,,,0x211fe601e24ce89cb443356f687c67fbf7708412,
1,SPY,-0.1,2022-01-20 18:01:41+00:00,,,,,,,,,,,0x211fe601e24ce89cb443356f687c67fbf7708412,
2,IWM,-0.15,2022-01-20 18:01:41+00:00,,,,,,,,,,,0x211fe601e24ce89cb443356f687c67fbf7708412,
3,QQQ,-0.4,2022-01-20 18:01:41+00:00,,,,,,,,,,,0x211fe601e24ce89cb443356f687c67fbf7708412,
0,GSHD,0,2022-01-20 18:11:43+00:00,,,,,,,,,,,0x211fe601e24ce89cb443356f687c67fbf7708412,
1,BRBR,-0.015,2022-01-20 18:11:43+00:00,,,,,,,,,,,0x211fe601e24ce89cb443356f687c67fbf7708412,
0,GDXJ,0.05,2022-01-25 09:18:55+00:00,,,,,,,,,,,0x211fe601e24ce89cb443356f687c67fbf7708412,
1,SPY,-0.1,2022-01-25 09:18:55+00:00,,,,,,,,,,,0x211fe601e24ce89cb443356f687c67fbf7708412,
2,IWM,-0.125,2022-01-25 09:18:55+00:00,,,,,,,,,,,0x211fe601e24ce89cb443356f687c67fbf7708412,
3,QQQ,-0.35,2022-01-25 09:18:55+00:00,,,,,,,,,,,0x211fe601e24ce89cb443356f687c67fbf7708412,
4,NFLX,0.02,2022-01-25 09:18:55+00:00,,,,,,,,,,,0x211fe601e24ce89cb443356f687c67fbf7708412,
5,CRM,0.015,2022-01-25 09:18:55+00:00,,,,,,,,,,,0x211fe601e24ce89cb443356f687c67fbf7708412,
6,GNOM,0.04,2022-01-25 09:18:55+00:00,,,,,,,,,,,0x211fe601e24ce89cb443356f687c67fbf7708412,
0,TSM,0.02,2022-01-25 09:23:03+00:00,,,,,,,,,,,0x211fe601e24ce89cb443356f687c67fbf7708412,
1,GOOGL,0,2022-01-25 09:23:03+00:00,,,,,,,,,,,0x211fe601e24ce89cb443356f687c67fbf7708412,
2,ZD,0,2022-01-25 09:23:03+00:00,,,,,,,,,,,0x211fe601e24ce89cb443356f687c67fbf7708412,
3,CME,0.02,2022-01-25 09:23:03+00:00,,,,,,,,,,,0x211fe601e24ce89cb443356f687c67fbf7708412,
4,IIVI,0.015,2022-01-25 09:23:03+00:00,,,,,,,,,,,0x211fe601e24ce89cb443356f687c67fbf7708412,
5,FWONK,0.015,2022-01-25 09:23:03+00:00,,,,,,,,,,,0x211fe601e24ce89cb443356f687c67fbf7708412,
6,SSNC,0,2022-01-25 09:23:03+00:00,,,,,,,,,,,0x211fe601e24ce89cb443356f687c67fbf7708412,
7,TSLA,0.01,2022-01-25 09:23:03+00:00,,,,,,,,,,,0x211fe601e24ce89cb443356f687c67fbf7708412,
8,CIEN,0.01,2022-01-25 09:23:03+00:00,,,,,,,,,,,0x211fe601e24ce89cb443356f687c67fbf7708412,
9,MLM,0.01,2022-01-25 09:23:03+00:00,,,,,,,,,,,0x211fe601e24ce89cb443356f687c67fbf7708412,
10,APPN,0.01,2022-01-25 09:23:03+00:00,,,,,,,,,,,0x211fe601e24ce89cb443356f687c67fbf7708412,
11,SE,0.01,2022-01-25 09:23:03+00:00,,,,,,,,,,,0x211fe601e24ce89cb443356f687c67fbf7708412,
0,FUBO,0.02,2022-01-25 10:27:25+00:00,,,,,,,,,,,0x211fe601e24ce89cb443356f687c67fbf7708412,
0,SBSW,0.03,2022-01-25 11:26:11+00:00,,,,,,,,,,,0x211fe601e24ce89cb443356f687c67fbf7708412,
0,NFLX,0,2022-02-01 10:53:30+00:00,,,,,,,,,,,0x211fe601e24ce89cb443356f687c67fbf7708412,
0,CCI,0,2022-02-01 16:00:08+00:00,,,,,,,,,,,0x211fe601e24ce89cb443356f687c67fbf7708412,
0,BLDR,0.03,2022-02-01 16:10:07+00:00,,,,,,,,,,,0x211fe601e24ce89cb443356f687c67fbf7708412,
0,SWIM,0.02,2022-02-01 16:50:07+00:00,,,,,,,,,,,0x211fe601e24ce89cb443356f687c67fbf7708412,
0,THRM,0.02,2022-02-01 17:00:07+00:00,,,,,,,,,,,0x211fe601e24ce89cb443356f687c67fbf7708412,
1,ONEW,0.02,2022-02-01 17:00:07+00:00,,,,,,,,,,,0x211fe601e24ce89cb443356f687c67fbf7708412,
0,V,0.03,2022-02-01 18:20:06+00:00,,,,,,,,,,,0x211fe601e24ce89cb443356f687c67fbf7708412,
1,MSFT,0.03,2022-02-01 18:20:06+00:00,,,,,,,,,,,0x211fe601e24ce89cb443356f687c67fbf7708412,
2,GOOG,0.03,2022-02-01 18:20:06+00:00,,,,,,,,,,,0x211fe601e24ce89cb443356f687c67fbf7708412,
3,TCOM,0.03,2022-02-01 18:20:06+00:00,,,,,,,,,,,0x211fe601e24ce89cb443356f687c67fbf7708412,
4,EWZ,0.03,2022-02-01 18:20:06+00:00,,,,,,,,,,,0x211fe601e24ce89cb443356f687c67fbf7708412,
5,SPGI,0.02,2022-02-01 18:20:06+00:00,,,,,,,,,,,0x211fe601e24ce89cb443356f687c67fbf7708412,
6,CVNA,0.02,2022-02-01 18:20:06+00:00,,,,,,,,,,,0x211fe601e24ce89cb443356f687c67fbf7708412,
7,LAD,0,2022-02-01 18:20:06+00:00,,,,,,,,,,,0x211fe601e24ce89cb443356f687c67fbf7708412,
8,FWONK,0.01,2022-02-01 18:20:06+00:00,,,,,,,,,,,0x211fe601e24ce89cb443356f687c67fbf7708412,
9,SQ,0.015,2022-02-01 18:20:06+00:00,,,,,,,,,,,0x211fe601e24ce89cb443356f687c67fbf7708412,
0,CRON,0.05,2022-02-09 10:53:30+00:00,,,,,,,,,,,0x211fe601e24ce89cb443356f687c67fbf7708412,
1,MJ,0.02,2022-02-09 10:53:30+00:00,,,,,,,,,,,0x211fe601e24ce89cb443356f687c67fbf7708412,
0,GNOM,0.02,2022-02-10 08:59:03+00:00,,,,,,,,,,,0x211fe601e24ce89cb443356f687c67fbf7708412,
1,QQQ,-0.4,2022-02-10 08:59:03+00:00,,,,,,,,,,,0x211fe601e24ce89cb443356f687c67fbf7708412,
2,UNG,0.02,2022-02-10 08:59:03+00:00,,,,,,,,,,,0x211fe601e24ce89cb443356f687c67fbf7708412,
0,TECK,0.01,2022-02-10 09:20:48+00:00,,,,,,,,,,,0x211fe601e24ce89cb443356f687c67fbf7708412,
0,GDXJ,0.03,2022-02-17 09:37:13+00:00,,,,,,,,,,,0x211fe601e24ce89cb443356f687c67fbf7708412,
1,SILJ,0.02,2022-02-17 09:37:13+00:00,,,,,,,,,,,0x211fe601e24ce89cb443356f687c67fbf7708412,
2,GDX,0.02,2022-02-17 09:37:13+00:00,,,,,,,,,,,0x211fe601e24ce89cb443356f687c67fbf7708412,
3,NG,0.015,2022-02-17 09:37:13+00:00,,,,,,,,,,,0x211fe601e24ce89cb443356f687c67fbf7708412,
0,XOM,0.02,2022-02-17 09:41:00+00:00,,,,,,,,,,,0x211fe601e24ce89cb443356f687c67fbf7708412,
1,PBR,0.01,2022-02-17 09:41:00+00:00,,,,,,,,,,,0x211fe601e24ce89cb443356f687c67fbf7708412,
2,GRBK,0.02,2022-02-17 09:41:00+00:00,,,,,,,,,,,0x211fe601e24ce89cb443356f687c67fbf7708412,
0,BABA,0.05,2022-02-17 10:13:50+00:00,,,,,,,,,,,0x211fe601e24ce89cb443356f687c67fbf7708412,
1,BIDU,0.04,2022-02-17 10:13:50+00:00,,,,,,,,,,,0x211fe601e24ce89cb443356f687c67fbf7708412,
2,NOAH,0.04,2022-02-17 10:13:50+00:00,,,,,,,,,,,0x211fe601e24ce89cb443356f687c67fbf7708412,
0,UNG,0,2022-02-23 16:02:36+00:00,,,,,,,,,,,0x211fe601e24ce89cb443356f687c67fbf7708412,
1,XOM,0,2022-02-23 16:02:36+00:00,,,,,,,,,,,0x211fe601e24ce89cb443356f687c67fbf7708412,
2,PBR,0,2022-02-23 16:02:36+00:00,,,,,,,,,,,0x211fe601e24ce89cb443356f687c67fbf7708412,
0,CVX,0.01,2022-02-23 16:04:37+00:00,,,,,,,,,,,0x211fe601e24ce89cb443356f687c67fbf7708412,
1,INTC,0.025,2022-02-23 16:04:37+00:00,,,,,,,,,,,0x211fe601e24ce89cb443356f687c67fbf7708412,
2,CLOU,0.01,2022-02-23 16:04:37+00:00,,,,,,,,,,,0x211fe601e24ce89cb443356f687c67fbf7708412,
3,PLTR,0.01,2022-02-23 16:04:37+00:00,,,,,,,,,,,0x211fe601e24ce89cb443356f687c67fbf7708412,
0,URA,0.04,2022-02-23 16:07:46+00:00,,,,,,,,,,,0x211fe601e24ce89cb443356f687c67fbf7708412,
0,PYPL,0.02,2022-02-24 10:03:21+00:00,,,,,,,,,,,0x211fe601e24ce89cb443356f687c67fbf7708412,
1,QQQ,-0.35,2022-02-24 10:03:21+00:00,,,,,,,,,,,0x211fe601e24ce89cb443356f687c67fbf7708412,
2,TWTR,0.02,2022-02-24 10:03:21+00:00,,,,,,,,,,,0x211fe601e24ce89cb443356f687c67fbf7708412,
0,AMZN,0.05,2022-03-02 13:48:16+00:00,,,,,,,,,,,0x211fe601e24ce89cb443356f687c67fbf7708412,
1,GOOG,0.05,2022-03-02 13:48:16+00:00,,,,,,,,,,,0x211fe601e24ce89cb443356f687c67fbf7708412,
2,MSFT,0.05,2022-03-02 13:48:16+00:00,,,,,,,,,,,0x211fe601e24ce89cb443356f687c67fbf7708412,
0,TBT,0.05,2022-03-03 09:52:31+00:00,,,,,,,,,,,0x211fe601e24ce89cb443356f687c67fbf7708412,
1,CVX,0,2022-03-03 09:52:31+00:00,,,,,,,,,,,0x211fe601e24ce89cb443356f687c67fbf7708412,
2,QQQ,-0.45,2022-03-03 09:52:31+00:00,,,,,,,,,,,0x211fe601e24ce89cb443356f687c67fbf7708412,
0,ABEV,-0.02,2022-03-08 11:34:23+00:00,,,,,,,,,,,0x211fe601e24ce89cb443356f687c67fbf7708412,
0,SNOW,0.02,2022-03-09 11:57:07+00:00,,,,,,,,,,,0x211fe601e24ce89cb443356f687c67fbf7708412,
1,ARKF,0.05,2022-03-09 11:57:07+00:00,,,,,,,,,,,0x211fe601e24ce89cb443356f687c67fbf7708412,
2,FXI,0.05,2022-03-09 11:57:07+00:00,,,,,,,,,,,0x211fe601e24ce89cb443356f687c67fbf7708412,
0,DLTR,0.02,2022-03-09 12:05:48+00:00,,,,,,,,,,,0x211fe601e24ce89cb443356f687c67fbf7708412,
1,EWZ,0.05,2022-03-09 12:05:48+00:00,,,,,,,,,,,0x211fe601e24ce89cb443356f687c67fbf7708412,
2,SPGI,0,2022-03-09 12:05:48+00:00,,,,,,,,,,,0x211fe601e24ce89cb443356f687c67fbf7708412,
3,VALE,0,2022-03-09 12:05:48+00:00,,,,,,,,,,,0x211fe601e24ce89cb443356f687c67fbf7708412,
4,CME,0,2022-03-09 12:05:48+00:00,,,,,,,,,,,0x211fe601e24ce89cb443356f687c67fbf7708412,
5,FB,0,2022-03-09 12:05:48+00:00,,,,,,,,,,,0x211fe601e24ce89cb443356f687c67fbf7708412,
6,NG,0.02,2022-03-09 12:05:48+00:00,,,,,,,,,,,0x211fe601e24ce89cb443356f687c67fbf7708412,
7,TSM,0.01,2022-03-09 12:05:48+00:00,,,,,,,,,,,0x211fe601e24ce89cb443356f687c67fbf7708412,
8,AGRO,0,2022-03-09 12:05:48+00:00,,,,,,,,,,,0x211fe601e24ce89cb443356f687c67fbf7708412,
9,SQ,0,2022-03-09 12:05:48+00:00,,,,,,,,,,,0x211fe601e24ce89cb443356f687c67fbf7708412,
10,ITUB,0,2022-03-09 12:05:48+00:00,,,,,,,,,,,0x211fe601e24ce89cb443356f687c67fbf7708412,
11,TECK,0,2022-03-09 12:05:48+00:00,,,,,,,,,,,0x211fe601e24ce89cb443356f687c67fbf7708412,
12,FWONK,0,2022-03-09 12:05:48+00:00,,,,,,,,,,,0x211fe601e24ce89cb443356f687c67fbf7708412,
13,MLM,0,2022-03-09 12:05:48+00:00,,,,,,,,,,,0x211fe601e24ce89cb443356f687c67fbf7708412,
0,URA,0.05,2022-03-09 12:20:22+00:00,,,,,,,,,,,0x211fe601e24ce89cb443356f687c67fbf7708412,
1,GDXJ,0.05,2022-03-09 12:20:22+00:00,,,,,,,,,,,0x211fe601e24ce89cb443356f687c67fbf7708412,
2,SLV,0.05,2022-03-09 12:20:22+00:00,,,,,,,,,,,0x211fe601e24ce89cb443356f687c67fbf7708412,
3,GDX,0.03,2022-03-09 12:20:22+00:00,,,,,,,,,,,0x211fe601e24ce89cb443356f687c67fbf7708412,
4,SILJ,0.03,2022-03-09 12:20:22+00:00,,,,,,,,,,,0x211fe601e24ce89cb443356f687c67fbf7708412,
5,COPX,0.03,2022-03-09 12:20:22+00:00,,,,,,,,,,,0x211fe601e24ce89cb443356f687c67fbf7708412,
0,CRON,0.05,2022-03-09 13:06:43+00:00,,,,,,,,,,,0x211fe601e24ce89cb443356f687c67fbf7708412,
1,BABA,0.045,2022-03-09 13:06:43+00:00,,,,,,,,,,,0x211fe601e24ce89cb443356f687c67fbf7708412,
2,ETHUSDT,0.035,2022-03-09 13:06:43+00:00,,,,,,,,,,,0x211fe601e24ce89cb443356f687c67fbf7708412,
3,V,0,2022-03-09 13:06:43+00:00,,,,,,,,,,,0x211fe601e24ce89cb443356f687c67fbf7708412,
4,SWK,0,2022-03-09 13:06:43+00:00,,,,,,,,,,,0x211fe601e24ce89cb443356f687c67fbf7708412,
5,SWIM,0,2022-03-09 13:06:43+00:00,,,,,,,,,,,0x211fe601e24ce89cb443356f687c67fbf7708412,
6,MJ,0.04,2022-03-09 13:06:43+00:00,,,,,,,,,,,0x211fe601e24ce89cb443356f687c67fbf7708412,
7,AVID,0,2022-03-09 13:06:43+00:00,,,,,,,,,,,0x211fe601e24ce89cb443356f687c67fbf7708412,
8,CVNA,0.02,2022-03-09 13:06:43+00:00,,,,,,,,,,,0x211fe601e24ce89cb443356f687c67fbf7708412,
9,CGC,0.02,2022-03-09 13:06:43+00:00,,,,,,,,,,,0x211fe601e24ce89cb443356f687c67fbf7708412,
10,CRM,0,2022-03-09 13:06:43+00:00,,,,,,,,,,,0x211fe601e24ce89cb443356f687c67fbf7708412,
11,CIEN,0.015,2022-03-09 13:06:43+00:00,,,,,,,,,,,0x211fe601e24ce89cb443356f687c67fbf7708412,
12,TSLA,0.015,2022-03-09 13:06:43+00:00,,,,,,,,,,,0x211fe601e24ce89cb443356f687c67fbf7708412,
13,KYMR,0,2022-03-09 13:06:43+00:00,,,,,,,,,,,0x211fe601e24ce89cb443356f687c67fbf7708412,
14,SE,0,2022-03-09 13:06:43+00:00,,,,,,,,,,,0x211fe601e24ce89cb443356f687c67fbf7708412,
15,ARVN,0,2022-03-09 13:06:43+00:00,,,,,,,,,,,0x211fe601e24ce89cb443356f687c67fbf7708412,
16,FSLY,0,2022-03-09 13:06:43+00:00,,,,,,,,,,,0x211fe601e24ce89cb443356f687c67fbf7708412,
17,CCCC,0,2022-03-09 13:06:43+00:00,,,,,,,,,,,0x211fe601e24ce89cb443356f687c67fbf7708412,
18,SPY,-0.15,2022-03-09 13:06:43+00:00,,,,,,,,,,,0x211fe601e24ce89cb443356f687c67fbf7708412,
19,IWM,-0.15,2022-03-09 13:06:43+00:00,,,,,,,,,,,0x211fe601e24ce89cb443356f687c67fbf7708412,
20,QQQ,-0.5,2022-03-09 13:06:43+00:00,,,,,,,,,,,0x211fe601e24ce89cb443356f687c67fbf7708412,
0,GOOG,0.05,2022-03-16 12:34:12+00:00,,,,,,,,,,,0x211fe601e24ce89cb443356f687c67fbf7708412,
1,AMZN,0.05,2022-03-16 12:34:12+00:00,,,,,,,,,,,0x211fe601e24ce89cb443356f687c67fbf7708412,
2,MSFT,0.05,2022-03-16 12:34:12+00:00,,,,,,,,,,,0x211fe601e24ce89cb443356f687c67fbf7708412,
3,BILL,0.05,2022-03-16 12:34:12+00:00,,,,,,,,,,,0x211fe601e24ce89cb443356f687c67fbf7708412,
4,KWEB,0.06,2022-03-16 12:34:12+00:00,,,,,,,,,,,0x211fe601e24ce89cb443356f687c67fbf7708412,
5,BABA,0.06,2022-03-16 12:34:12+00:00,,,,,,,,,,,0x211fe601e24ce89cb443356f687c67fbf7708412,
6,BIDU,0.05,2022-03-16 12:34:12+00:00,,,,,,,,,,,0x211fe601e24ce89cb443356f687c67fbf7708412,
7,PLTR,0,2022-03-16 12:34:12+00:00,,,,,,,,,,,0x211fe601e24ce89cb443356f687c67fbf7708412,
8,BRBR,0,2022-03-16 12:34:12+00:00,,,,,,,,,,,0x211fe601e24ce89cb443356f687c67fbf7708412,
9,GOLF,0,2022-03-16 12:34:12+00:00,,,,,,,,,,,0x211fe601e24ce89cb443356f687c67fbf7708412,
10,SPY,-0.2,2022-03-16 12:34:12+00:00,,,,,,,,,,,0x211fe601e24ce89cb443356f687c67fbf7708412,
11,SLB,0.02,2022-03-16 12:34:12+00:00,,,,,,,,,,,0x211fe601e24ce89cb443356f687c67fbf7708412,
0,HDB,0.025,2022-03-18 09:48:11+00:00,,,,,,,,,,,0x211fe601e24ce89cb443356f687c67fbf7708412,
0,ETHUSDT,0.05,2022-03-24 10:31:10+00:00,,,,,,,,,,,0x211fe601e24ce89cb443356f687c67fbf7708412,
0,URA,0.05,2022-03-25 16:52:44+00:00,,,,,,,,,,,0x211fe601e24ce89cb443356f687c67fbf7708412,
1,GDXJ,0.05,2022-03-25 16:52:44+00:00,,,,,,,,,,,0x211fe601e24ce89cb443356f687c67fbf7708412,
2,SBSW,0.035,2022-03-25 16:52:44+00:00,,,,,,,,,,,0x211fe601e24ce89cb443356f687c67fbf7708412,
3,COPX,0.025,2022-03-25 16:52:44+00:00,,,,,,,,,,,0x211fe601e24ce89cb443356f687c67fbf7708412,
4,SILJ,0.035,2022-03-25 16:52:44+00:00,,,,,,,,,,,0x211fe601e24ce89cb443356f687c67fbf7708412,
5,INTC,0.03,2022-03-25 16:52:44+00:00,,,,,,,,,,,0x211fe601e24ce89cb443356f687c67fbf7708412,
6,TWTR,0,2022-03-25 16:52:44+00:00,,,,,,,,,,,0x211fe601e24ce89cb443356f687c67fbf7708412,
7,GNOM,0.025,2022-03-25 16:52:44+00:00,,,,,,,,,,,0x211fe601e24ce89cb443356f687c67fbf7708412,
8,TSLA,0,2022-03-25 16:52:44+00:00,,,,,,,,,,,0x211fe601e24ce89cb443356f687c67fbf7708412,
9,CLOU,0,2022-03-25 16:52:44+00:00,,,,,,,,,,,0x211fe601e24ce89cb443356f687c67fbf7708412,
10,IYY,-0.15,2022-03-25 16:52:44+00:00,,,,,,,,,,,0x211fe601e24ce89cb443356f687c67fbf7708412,
11,JOBY,0.02,2022-03-25 16:52:44+00:00,,,,,,,,,,,0x211fe601e24ce89cb443356f687c67fbf7708412,
12,CCJ,0.02,2022-03-25 16:52:44+00:00,,,,,,,,,,,0x211fe601e24ce89cb443356f687c67fbf7708412,
13,TECK,0.02,2022-03-25 16:52:44+00:00,,,,,,,,,,,0x211fe601e24ce89cb443356f687c67fbf7708412,
0,ARKF,0.04,2022-03-25 17:37:13+00:00,,,,,,,,,,,0x211fe601e24ce89cb443356f687c67fbf7708412,
1,AMZN,0.04,2022-03-25 17:37:13+00:00,,,,,,,,,,,0x211fe601e24ce89cb443356f687c67fbf7708412,
2,GOOG,0.04,2022-03-25 17:37:13+00:00,,,,,,,,,,,0x211fe601e24ce89cb443356f687c67fbf7708412,
3,FXI,0.05,2022-03-25 17:37:13+00:00,,,,,,,,,,,0x211fe601e24ce89cb443356f687c67fbf7708412,
4,MSFT,0.04,2022-03-25 17:37:13+00:00,,,,,,,,,,,0x211fe601e24ce89cb443356f687c67fbf7708412,
5,TV,0.02,2022-03-25 17:37:13+00:00,,,,,,,,,,,0x211fe601e24ce89cb443356f687c67fbf7708412,
6,SUI,0.03,2022-03-25 17:37:13+00:00,,,,,,,,,,,0x211fe601e24ce89cb443356f687c67fbf7708412,
7,GDDY,0.03,2022-03-25 17:37:13+00:00,,,,,,,,,,,0x211fe601e24ce89cb443356f687c67fbf7708412,
8,WDAY,0.03,2022-03-25 17:37:13+00:00,,,,,,,,,,,0x211fe601e24ce89cb443356f687c67fbf7708412,
9,BLDR,0.03,2022-03-25 17:37:13+00:00,,,,,,,,,,,0x211fe601e24ce89cb443356f687c67fbf7708412,
10,ECH,0,2022-03-25 17:37:13+00:00,,,,,,,,,,,0x211fe601e24ce89cb443356f687c67fbf7708412,
11,GDX,0.03,2022-03-25 17:37:13+00:00,,,,,,,,,,,0x211fe601e24ce89cb443356f687c67fbf7708412,
12,SCHW,0.02,2022-03-25 17:37:13+00:00,,,,,,,,,,,0x211fe601e24ce89cb443356f687c67fbf7708412,
13,GNOM,0.03,2022-03-25 17:37:13+00:00,,,,,,,,,,,0x211fe601e24ce89cb443356f687c67fbf7708412,
14,IWM,-0.15,2022-03-25 17:37:13+00:00,,,,,,,,,,,0x211fe601e24ce89cb443356f687c67fbf7708412,
15,SPY,-0.2,2022-03-25 17:37:13+00:00,,,,,,,,,,,0x211fe601e24ce89cb443356f687c67fbf7708412,
16,QQQ,-0.5,2022-03-25 17:37:13+00:00,,,,,,,,,,,0x211fe601e24ce89cb443356f687c67fbf7708412,
17,SWN,0.02,2022-03-25 17:37:13+00:00,,,,,,,,,,,0x211fe601e24ce89cb443356f687c67fbf7708412,
18,MUFG,0.02,2022-03-25 17:37:13+00:00,,,,,,,,,,,0x211fe601e24ce89cb443356f687c67fbf7708412,
0,INTC,0.02,2022-03-30 09:08:15+00:00,,,,,,,,,,,0x211fe601e24ce89cb443356f687c67fbf7708412,
1,SNOW,0,2022-03-30 09:08:15+00:00,,,,,,,,,,,0x211fe601e24ce89cb443356f687c67fbf7708412,
2,PYPL,0,2022-03-30 09:08:15+00:00,,,,,,,,,,,0x211fe601e24ce89cb443356f687c67fbf7708412,
3,IYY,-0.15,2022-03-30 09:08:15+00:00,,,,,,,,,,,0x211fe601e24ce89cb443356f687c67fbf7708412,
4,SPY,-0.15,2022-03-30 09:08:15+00:00,,,,,,,,,,,0x211fe601e24ce89cb443356f687c67fbf7708412,
5,QQQ,-0.6,2022-03-30 09:08:15+00:00,,,,,,,,,,,0x211fe601e24ce89cb443356f687c67fbf7708412,
6,ET,0.02,2022-03-30 09:08:15+00:00,,,,,,,,,,,0x211fe601e24ce89cb443356f687c67fbf7708412,
7,REET,-0.1,2022-03-30 09:08:15+00:00,,,,,,,,,,,0x211fe601e24ce89cb443356f687c67fbf7708412,
0,MJ,0.05,2022-03-30 14:19:24+00:00,,,,,,,,,,,0x211fe601e24ce89cb443356f687c67fbf7708412,
1,ARKF,0.03,2022-03-30 14:19:24+00:00,,,,,,,,,,,0x211fe601e24ce89cb443356f687c67fbf7708412,
0,XLY,-0.15,2022-04-08 11:32:39+00:00,,,,,,,,,,,0x211fe601e24ce89cb443356f687c67fbf7708412,
0,TBT,0,2022-04-12 09:31:17+00:00,,,,,,,,,,,0x211fe601e24ce89cb443356f687c67fbf7708412,
1,GDXJ,0.04,2022-04-12 09:31:17+00:00,,,,,,,,,,,0x211fe601e24ce89cb443356f687c67fbf7708412,
2,GDX,0.03,2022-04-12 09:31:17+00:00,,,,,,,,,,,0x211fe601e24ce89cb443356f687c67fbf7708412,
0,MSFT,0.218,2021-12-30 19:58:25+00:00,,,,,,,,,,,0x41da2035ac26e4308b624a84d3caebf80a4dccf1,
1,GOOGL,0.199,2021-12-30 19:58:25+00:00,,,,,,,,,,,0x41da2035ac26e4308b624a84d3caebf80a4dccf1,
2,HD,0.18,2021-12-30 19:58:25+00:00,,,,,,,,,,,0x41da2035ac26e4308b624a84d3caebf80a4dccf1,
3,FNV,0.161,2021-12-30 19:58:25+00:00,,,,,,,,,,,0x41da2035ac26e4308b624a84d3caebf80a4dccf1,
4,FB,0.16,2021-12-30 19:58:25+00:00,,,,,,,,,,,0x41da2035ac26e4308b624a84d3caebf80a4dccf1,
5,TWTR,0.153,2021-12-30 19:58:25+00:00,,,,,,,,,,,0x41da2035ac26e4308b624a84d3caebf80a4dccf1,
6,AMZN,0.148,2021-12-30 19:58:25+00:00,,,,,,,,,,,0x41da2035ac26e4308b624a84d3caebf80a4dccf1,
7,QQQ,0.125,2021-12-30 19:58:25+00:00,,,,,,,,,,,0x41da2035ac26e4308b624a84d3caebf80a4dccf1,
8,MTCH,0.119,2021-12-30 19:58:25+00:00,,,,,,,,,,,0x41da2035ac26e4308b624a84d3caebf80a4dccf1,
9,GLD,0.11,2021-12-30 19:58:25+00:00,,,,,,,,,,,0x41da2035ac26e4308b624a84d3caebf80a4dccf1,
10,RH,0.106,2021-12-30 19:58:25+00:00,,,,,,,,,,,0x41da2035ac26e4308b624a84d3caebf80a4dccf1,
11,UBER,0.105,2021-12-30 19:58:25+00:00,,,,,,,,,,,0x41da2035ac26e4308b624a84d3caebf80a4dccf1,
12,WE,0.099,2021-12-30 19:58:25+00:00,,,,,,,,,,,0x41da2035ac26e4308b624a84d3caebf80a4dccf1,
13,SPOT,0.094,2021-12-30 19:58:25+00:00,,,,,,,,,,,0x41da2035ac26e4308b624a84d3caebf80a4dccf1,
14,SHW,0.07,2021-12-30 19:58:25+00:00,,,,,,,,,,,0x41da2035ac26e4308b624a84d3caebf80a4dccf1,
15,PLTR,0.06,2021-12-30 19:58:25+00:00,,,,,,,,,,,0x41da2035ac26e4308b624a84d3caebf80a4dccf1,
16,SHOP,0.055,2021-12-30 19:58:25+00:00,,,,,,,,,,,0x41da2035ac26e4308b624a84d3caebf80a4dccf1,
17,ABNB,0.049,2021-12-30 19:58:25+00:00,,,,,,,,,,,0x41da2035ac26e4308b624a84d3caebf80a4dccf1,
18,BMBL,0.044,2021-12-30 19:58:25+00:00,,,,,,,,,,,0x41da2035ac26e4308b624a84d3caebf80a4dccf1,
19,TSLA,0.029,2021-12-30 19:58:25+00:00,,,,,,,,,,,0x41da2035ac26e4308b624a84d3caebf80a4dccf1,
20,ARKK,-0.101,2021-12-30 19:58:25+00:00,,,,,,,,,,,0x41da2035ac26e4308b624a84d3caebf80a4dccf1,
21,YELP,-0.104,2021-12-30 19:58:25+00:00,,,,,,,,,,,0x41da2035ac26e4308b624a84d3caebf80a4dccf1,
22,ORCL,-0.154,2021-12-30 19:58:25+00:00,,,,,,,,,,,0x41da2035ac26e4308b624a84d3caebf80a4dccf1,
23,IBM,-0.204,2021-12-30 19:58:25+00:00,,,,,,,,,,,0x41da2035ac26e4308b624a84d3caebf80a4dccf1,
0,MSFT,0.25,2022-01-10 10:11:02+00:00,,,,,,,,,,,0x41da2035ac26e4308b624a84d3caebf80a4dccf1,
1,GOOGL,0.25,2022-01-10 10:11:02+00:00,,,,,,,,,,,0x41da2035ac26e4308b624a84d3caebf80a4dccf1,
0,GOOGL,0.2,2022-01-13 11:20:34+00:00,,,,,,,,,,,0x41da2035ac26e4308b624a84d3caebf80a4dccf1,
1,IBM,-0.25,2022-01-13 11:20:34+00:00,,,,,,,,,,,0x41da2035ac26e4308b624a84d3caebf80a4dccf1,
2,AAPL,0.2,2022-01-13 11:20:34+00:00,,,,,,,,,,,0x41da2035ac26e4308b624a84d3caebf80a4dccf1,
0,MSFT,0.22,2022-01-14 13:46:54+00:00,,,,,,,,,,,0x41da2035ac26e4308b624a84d3caebf80a4dccf1,
1,GOOGL,0.22,2022-01-14 13:46:54+00:00,,,,,,,,,,,0x41da2035ac26e4308b624a84d3caebf80a4dccf1,
0,MSFT,0.2,2022-01-18 11:44:02+00:00,,,,,,,,,,,0x41da2035ac26e4308b624a84d3caebf80a4dccf1,
1,GOOGL,0.2,2022-01-18 11:44:02+00:00,,,,,,,,,,,0x41da2035ac26e4308b624a84d3caebf80a4dccf1,
0,FNV,0.23,2022-02-28 22:00:45+00:00,,,,,,,,,,,0x41da2035ac26e4308b624a84d3caebf80a4dccf1,
1,AAPL,0.23,2022-02-28 22:00:45+00:00,,,,,,,,,,,0x41da2035ac26e4308b624a84d3caebf80a4dccf1,
0,FNV,0.2,2022-03-04 16:23:51+00:00,,,,,,,,,,,0x41da2035ac26e4308b624a84d3caebf80a4dccf1,
1,GOOGL,0.1,2022-03-04 16:23:51+00:00,,,,,,,,,,,0x41da2035ac26e4308b624a84d3caebf80a4dccf1,
2,MSFT,0.1,2022-03-04 16:23:51+00:00,,,,,,,,,,,0x41da2035ac26e4308b624a84d3caebf80a4dccf1,
3,AAPL,0,2022-03-04 16:23:51+00:00,,,,,,,,,,,0x41da2035ac26e4308b624a84d3caebf80a4dccf1,
4,HD,0,2022-03-04 16:23:51+00:00,,,,,,,,,,,0x41da2035ac26e4308b624a84d3caebf80a4dccf1,
5,AMZN,0,2022-03-04 16:23:51+00:00,,,,,,,,,,,0x41da2035ac26e4308b624a84d3caebf80a4dccf1,
6,GLD,0.1,2022-03-04 16:23:51+00:00,,,,,,,,,,,0x41da2035ac26e4308b624a84d3caebf80a4dccf1,
7,TWTR,0.1,2022-03-04 16:23:51+00:00,,,,,,,,,,,0x41da2035ac26e4308b624a84d3caebf80a4dccf1,
8,QQQ,0,2022-03-04 16:23:51+00:00,,,,,,,,,,,0x41da2035ac26e4308b624a84d3caebf80a4dccf1,
9,FB,0.1,2022-03-04 16:23:51+00:00,,,,,,,,,,,0x41da2035ac26e4308b624a84d3caebf80a4dccf1,
10,MTCH,0,2022-03-04 16:23:51+00:00,,,,,,,,,,,0x41da2035ac26e4308b624a84d3caebf80a4dccf1,
11,UBER,0.1,2022-03-04 16:23:51+00:00,,,,,,,,,,,0x41da2035ac26e4308b624a84d3caebf80a4dccf1,
12,RH,0,2022-03-04 16:23:51+00:00,,,,,,,,,,,0x41da2035ac26e4308b624a84d3caebf80a4dccf1,
13,WE,0.1,2022-03-04 16:23:51+00:00,,,,,,,,,,,0x41da2035ac26e4308b624a84d3caebf80a4dccf1,
14,SPOT,0,2022-03-04 16:23:51+00:00,,,,,,,,,,,0x41da2035ac26e4308b624a84d3caebf80a4dccf1,
15,SHW,0,2022-03-04 16:23:51+00:00,,,,,,,,,,,0x41da2035ac26e4308b624a84d3caebf80a4dccf1,
16,ABNB,0.1,2022-03-04 16:23:51+00:00,,,,,,,,,,,0x41da2035ac26e4308b624a84d3caebf80a4dccf1,
17,PLTR,0.1,2022-03-04 16:23:51+00:00,,,,,,,,,,,0x41da2035ac26e4308b624a84d3caebf80a4dccf1,
18,BMBL,0,2022-03-04 16:23:51+00:00,,,,,,,,,,,0x41da2035ac26e4308b624a84d3caebf80a4dccf1,
19,SHOP,0,2022-03-04 16:23:51+00:00,,,,,,,,,,,0x41da2035ac26e4308b624a84d3caebf80a4dccf1,
20,TSLA,0,2022-03-04 16:23:51+00:00,,,,,,,,,,,0x41da2035ac26e4308b624a84d3caebf80a4dccf1,
21,YELP,0,2022-03-04 16:23:51+00:00,,,,,,,,,,,0x41da2035ac26e4308b624a84d3caebf80a4dccf1,
22,ORCL,0,2022-03-04 16:23:51+00:00,,,,,,,,,,,0x41da2035ac26e4308b624a84d3caebf80a4dccf1,
23,IBM,0,2022-03-04 16:23:51+00:00,,,,,,,,,,,0x41da2035ac26e4308b624a84d3caebf80a4dccf1,
24,LC,0,2022-03-04 16:23:51+00:00,,,,,,,,,,,0x41da2035ac26e4308b624a84d3caebf80a4dccf1,
0,GOOGL,0,2022-03-07 09:59:45+00:00,,,,,,,,,,,0x41da2035ac26e4308b624a84d3caebf80a4dccf1,
1,MSFT,0,2022-03-07 09:59:45+00:00,,,,,,,,,,,0x41da2035ac26e4308b624a84d3caebf80a4dccf1,
2,ARKK,0,2022-03-07 09:59:45+00:00,,,,,,,,,,,0x41da2035ac26e4308b624a84d3caebf80a4dccf1,
3,ARKG,0.1,2022-03-07 09:59:45+00:00,,,,,,,,,,,0x41da2035ac26e4308b624a84d3caebf80a4dccf1,
0,FNV,0.22,2022-03-09 17:10:00+00:00,,,,,,,,,,,0x41da2035ac26e4308b624a84d3caebf80a4dccf1,
0,WE,0.16,2022-03-09 17:11:01+00:00,,,,,,,,,,,0x41da2035ac26e4308b624a84d3caebf80a4dccf1,
1,ZM,0.22,2022-03-09 17:11:01+00:00,,,,,,,,,,,0x41da2035ac26e4308b624a84d3caebf80a4dccf1,
0,FNV,0.25,2022-03-10 15:27:11+00:00,,,,,,,,,,,0x41da2035ac26e4308b624a84d3caebf80a4dccf1,
0,FNV,0.15,2022-03-11 15:11:44+00:00,,,,,,,,,,,0x41da2035ac26e4308b624a84d3caebf80a4dccf1,
1,ZM,0,2022-03-11 15:11:44+00:00,,,,,,,,,,,0x41da2035ac26e4308b624a84d3caebf80a4dccf1,
2,WE,0,2022-03-11 15:11:44+00:00,,,,,,,,,,,0x41da2035ac26e4308b624a84d3caebf80a4dccf1,
3,ABNB,0,2022-03-11 15:11:44+00:00,,,,,,,,,,,0x41da2035ac26e4308b624a84d3caebf80a4dccf1,
4,GLD,0,2022-03-11 15:11:44+00:00,,,,,,,,,,,0x41da2035ac26e4308b624a84d3caebf80a4dccf1,
5,GPS,0.1,2022-03-11 15:11:44+00:00,,,,,,,,,,,0x41da2035ac26e4308b624a84d3caebf80a4dccf1,
6,MELI,0.1,2022-03-11 15:11:44+00:00,,,,,,,,,,,0x41da2035ac26e4308b624a84d3caebf80a4dccf1,
7,SE,0.1,2022-03-11 15:11:44+00:00,,,,,,,,,,,0x41da2035ac26e4308b624a84d3caebf80a4dccf1,
8,FNF,0.1,2022-03-11 15:11:44+00:00,,,,,,,,,,,0x41da2035ac26e4308b624a84d3caebf80a4dccf1,
0,FNV,0.15,2022-03-11 17:45:25+00:00,,,,,,,,,,,0x41da2035ac26e4308b624a84d3caebf80a4dccf1,
0,FNF,0.12,2022-03-15 11:39:19+00:00,,,,,,,,,,,0x41da2035ac26e4308b624a84d3caebf80a4dccf1,
1,MELI,0.12,2022-03-15 11:39:19+00:00,,,,,,,,,,,0x41da2035ac26e4308b624a84d3caebf80a4dccf1,
2,TWTR,0,2022-03-15 11:39:19+00:00,,,,,,,,,,,0x41da2035ac26e4308b624a84d3caebf80a4dccf1,
3,SE,0.12,2022-03-15 11:39:19+00:00,,,,,,,,,,,0x41da2035ac26e4308b624a84d3caebf80a4dccf1,
4,UBER,0,2022-03-15 11:39:19+00:00,,,,,,,,,,,0x41da2035ac26e4308b624a84d3caebf80a4dccf1,
5,FB,0.15,2022-03-15 11:39:19+00:00,,,,,,,,,,,0x41da2035ac26e4308b624a84d3caebf80a4dccf1,
6,PLTR,0.12,2022-03-15 11:39:19+00:00,,,,,,,,,,,0x41da2035ac26e4308b624a84d3caebf80a4dccf1,
7,ARKG,0.12,2022-03-15 11:39:19+00:00,,,,,,,,,,,0x41da2035ac26e4308b624a84d3caebf80a4dccf1,
0,PLTR,0.12,2022-03-23 14:41:31+00:00,,,,,,,,,,,0x41da2035ac26e4308b624a84d3caebf80a4dccf1,
1,ARKG,0.12,2022-03-23 14:41:31+00:00,,,,,,,,,,,0x41da2035ac26e4308b624a84d3caebf80a4dccf1,
0,PLTR,0.12,2022-03-29 09:02:45+00:00,,,,,,,,,,,0x41da2035ac26e4308b624a84d3caebf80a4dccf1,
0,SE,0.15,2022-04-04 16:01:30+00:00,,,,,,,,,,,0x41da2035ac26e4308b624a84d3caebf80a4dccf1,
0,SE,0.15,2022-04-04 16:44:15+00:00,,,,,,,,,,,0x41da2035ac26e4308b624a84d3caebf80a4dccf1,
0,SE,0,2022-04-08 12:58:07+00:00,,,,,,,,,,,0x41da2035ac26e4308b624a84d3caebf80a4dccf1,
1,MELI,0,2022-04-08 12:58:07+00:00,,,,,,,,,,,0x41da2035ac26e4308b624a84d3caebf80a4dccf1,
2,ARKG,0,2022-04-08 12:58:07+00:00,,,,,,,,,,,0x41da2035ac26e4308b624a84d3caebf80a4dccf1,
3,PLTR,0.15,2022-04-08 12:58:07+00:00,,,,,,,,,,,0x41da2035ac26e4308b624a84d3caebf80a4dccf1,
0,FB,0.15,2022-04-11 13:16:13+00:00,,,,,,,,,,,0x41da2035ac26e4308b624a84d3caebf80a4dccf1,
0,FNF,0.11,2022-04-16 11:20:42+00:00,,,,,,,,,,,0x41da2035ac26e4308b624a84d3caebf80a4dccf1,
0,FNF,0.1,2022-04-16 13:15:18+00:00,,,,,,,,,,,0x41da2035ac26e4308b624a84d3caebf80a4dccf1,
0,FNF,0.11,2022-04-16 13:15:32+00:00,,,,,,,,,,,0x41da2035ac26e4308b624a84d3caebf80a4dccf1,
0,PLTR,0.15,2022-04-21 17:18:46+00:00,,,,,,,,,,,0x41da2035ac26e4308b624a84d3caebf80a4dccf1,
0,PLTR,0.16,2022-04-27 14:16:34+00:00,,,,,,,,,,,0x41da2035ac26e4308b624a84d3caebf80a4dccf1,
1,FB,0.12,2022-04-27 14:16:34+00:00,,,,,,,,,,,0x41da2035ac26e4308b624a84d3caebf80a4dccf1,
2,FNF,0.12,2022-04-27 14:16:34+00:00,,,,,,,,,,,0x41da2035ac26e4308b624a84d3caebf80a4dccf1,